iter,timestamp_iso,elapsed_sec,image_path,annotated_path,door_state,door_confidence,handle_present,material_visible,need_open_door_result,need_open_door_reason,material_after_open_result,material_after_open_reason,goal_status,goal_reason_code,goal_message,next_action_name,next_action_args,full_action_list_json,skip_log_json,detected_json,raw_len
1,2025-09-05T13:35:38,7.919,/tmp/vlm_frame_1757046931087.png,/tmp/vlm_frame_1757046931087_det.png,open,0.9,True,True,False,already open,True,material detected,in_progress,OK,approach material,move_arm,"{""object_label"":""material"",""arm"":""right""}","[{""name"":""move_arm"",""args"":{""object_label"":""material"",""arm"":""right""}},{""name"":""grasp"",""args"":{""object_label"":""material"",""arm"":""right""}},{""name"":""close_door"",""args"":{""arm"":""right"",""object_label"":""door-handle""}},{""name"":""return_home"",""args"":{}}]",[],"{""door"":[[161,175,291,464]],""material"":[[335,315,346,327]]}",1386
2,2025-09-05T13:35:44,5.929,/tmp/vlm_frame_1757046939310.png,/tmp/vlm_frame_1757046939310_det.png,open,0.9,True,True,False,already open,True,material detected,in_progress,OK,approach material,move_arm,"{""object_label"":""material"",""arm"":""right""}","[{""name"":""move_arm"",""args"":{""object_label"":""material"",""arm"":""right""}},{""name"":""grasp"",""args"":{""object_label"":""material"",""arm"":""right""}},{""name"":""close_door"",""args"":{""arm"":""right"",""object_label"":""door-handle""}},{""name"":""return_home"",""args"":{}}]",[],"{""door"":[[161,175,291,464]],""material"":[[335,315,346,327]]}",1386
3,2025-09-05T13:35:49,5.486,/tmp/vlm_frame_1757046944838.png,/tmp/vlm_frame_1757046944838_det.png,open,0.9,True,True,False,already open,True,material detected,in_progress,OK,approach material,move_arm,"{""object_label"":""material"",""arm"":""right""}","[{""name"":""move_arm"",""args"":{""object_label"":""material"",""arm"":""right""}},{""name"":""grasp"",""args"":{""object_label"":""material"",""arm"":""right""}},{""name"":""close_door"",""args"":{""arm"":""right"",""object_label"":""door-handle""}},{""name"":""return_home"",""args"":{}}]",[],"{""door"":[[161,175,291,464]],""material"":[[335,315,346,326]]}",1386
4,2025-09-05T13:35:55,5.471,/tmp/vlm_frame_1757046950351.png,/tmp/vlm_frame_1757046950351_det.png,open,0.9,True,True,False,already open,True,material detected,in_progress,OK,approach material,move_arm,"{""object_label"":""material"",""arm"":""right""}","[{""name"":""move_arm"",""args"":{""object_label"":""material"",""arm"":""right""}},{""name"":""grasp"",""args"":{""object_label"":""material"",""arm"":""right""}},{""name"":""close_door"",""args"":{""arm"":""right"",""object_label"":""door-handle""}},{""name"":""return_home"",""args"":{}}]",[],"{""door"":[[161,175,291,464]],""material"":[[335,315,346,327]]}",1386
5,2025-09-05T13:36:00,5.451,/tmp/vlm_frame_1757046955886.png,/tmp/vlm_frame_1757046955886_det.png,open,0.9,True,True,False,already open,True,material detected,in_progress,OK,approach material,move_arm,"{""object_label"":""material"",""arm"":""right""}","[{""name"":""move_arm"",""args"":{""object_label"":""material"",""arm"":""right""}},{""name"":""grasp"",""args"":{""object_label"":""material"",""arm"":""right""}},{""name"":""close_door"",""args"":{""arm"":""right"",""object_label"":""door-handle""}},{""name"":""return_home"",""args"":{}}]",[],"{""door"":[[161,175,291,464]],""material"":[[335,315,346,326]]}",1386
6,2025-09-05T13:36:06,5.51,/tmp/vlm_frame_1757046961421.png,/tmp/vlm_frame_1757046961421_det.png,open,0.9,True,True,False,already open,True,material detected,in_progress,OK,approach material,move_arm,"{""object_label"":""material"",""arm"":""right""}","[{""name"":""move_arm"",""args"":{""object_label"":""material"",""arm"":""right""}},{""name"":""grasp"",""args"":{""object_label"":""material"",""arm"":""right""}},{""name"":""close_door"",""args"":{""arm"":""right"",""object_label"":""door-handle""}},{""name"":""return_home"",""args"":{}}]",[],"{""door"":[[150,167,289,456]],""material"":[[335,304,347,317]]}",1386
7,2025-09-05T13:36:11,5.517,/tmp/vlm_frame_1757046966960.png,/tmp/vlm_frame_1757046966960_det.png,open,0.9,True,True,False,already open,True,material detected,in_progress,OK,approach material,move_arm,"{""object_label"":""material"",""arm"":""right""}","[{""name"":""move_arm"",""args"":{""object_label"":""material"",""arm"":""right""}},{""name"":""grasp"",""args"":{""object_label"":""material"",""arm"":""right""}},{""name"":""close_door"",""args"":{""arm"":""right"",""object_label"":""door-handle""}},{""name"":""return_home"",""args"":{}}]",[],"{""door"":[[150,167,289,456]],""material"":[[335,304,346,317]]}",1386
8,2025-09-05T13:36:16,4.517,/tmp/vlm_frame_1757046972466.png,/tmp/vlm_frame_1757046972466_det.png,closed,0.9,True,uncertain,True,door_state=closed,uncertain,material to be checked after opening,in_progress,OK,execute open_door,open_door,"{""arm"":""right"",""object_label"":""door-handle""}","[{""name"":""open_door"",""args"":{""arm"":""right"",""object_label"":""door-handle""}}]",[],"{""door"":[[150,167,289,456]],""material"":[[335,304,347,317]]}",1088
9,2025-09-05T13:36:20,4.423,/tmp/vlm_frame_1757046977004.png,/tmp/vlm_frame_1757046977004_det.png,closed,0.9,True,True,True,door_state=closed,True,material detected,in_progress,OK,execute open_door,open_door,"{""arm"":""right"",""object_label"":""door-handle""}","[{""name"":""open_door"",""args"":{""arm"":""right"",""object_label"":""door-handle""}}]",[],"{""door"":[[151,165,289,456]],""material"":[[335,304,347,317]]}",1055
10,2025-09-05T13:36:26,5.459,/tmp/vlm_frame_1757046981517.png,/tmp/vlm_frame_1757046981517_det.png,open,0.9,True,True,False,already open,True,material detected,in_progress,OK,approach material,move_arm,"{""object_label"":""material"",""arm"":""right""}","[{""name"":""move_arm"",""args"":{""object_label"":""material"",""arm"":""right""}},{""name"":""grasp"",""args"":{""object_label"":""material"",""arm"":""right""}},{""name"":""close_door"",""args"":{""arm"":""right"",""object_label"":""door-handle""}},{""name"":""return_home"",""args"":{}}]",[],"{""door"":[[150,167,289,456]],""material"":[[335,304,347,317]]}",1386
11,2025-09-05T13:36:31,5.485,/tmp/vlm_frame_1757046987055.png,/tmp/vlm_frame_1757046987055_det.png,open,0.9,True,True,False,already open,True,material detected,in_progress,OK,approach material,move_arm,"{""object_label"":""material"",""arm"":""right""}","[{""name"":""move_arm"",""args"":{""object_label"":""material"",""arm"":""right""}},{""name"":""grasp"",""args"":{""object_label"":""material"",""arm"":""right""}},{""name"":""close_door"",""args"":{""arm"":""right"",""object_label"":""door-handle""}},{""name"":""return_home"",""args"":{}}]",[],"{""door"":[[150,167,289,456]],""material"":[[335,304,347,317]]}",1386
12,2025-09-05T13:36:37,5.459,/tmp/vlm_frame_1757046992570.png,/tmp/vlm_frame_1757046992570_det.png,open,0.9,True,True,False,already open,True,material detected,in_progress,OK,approach material,move_arm,"{""object_label"":""material"",""arm"":""right""}","[{""name"":""move_arm"",""args"":{""object_label"":""material"",""arm"":""right""}},{""name"":""grasp"",""args"":{""object_label"":""material"",""arm"":""right""}},{""name"":""close_door"",""args"":{""arm"":""right"",""object_label"":""door-handle""}},{""name"":""return_home"",""args"":{}}]",[],"{""door"":[[150,167,289,456]],""material"":[[335,304,347,317]]}",1386
13,2025-09-05T13:36:42,5.468,/tmp/vlm_frame_1757046998084.png,/tmp/vlm_frame_1757046998084_det.png,open,0.9,True,True,False,already open,True,material detected,in_progress,OK,approach material,move_arm,"{""object_label"":""material"",""arm"":""right""}","[{""name"":""move_arm"",""args"":{""object_label"":""material"",""arm"":""right""}},{""name"":""grasp"",""args"":{""object_label"":""material"",""arm"":""right""}},{""name"":""close_door"",""args"":{""arm"":""right"",""object_label"":""door-handle""}},{""name"":""return_home"",""args"":{}}]",[],"{""door"":[[151,165,289,456]],""material"":[[335,304,347,317]]}",1386
14,2025-09-05T13:36:47,4.582,/tmp/vlm_frame_1757047003616.png,/tmp/vlm_frame_1757047003616_det.png,closed,0.9,True,uncertain,True,door_state=closed,uncertain,material to be checked after opening,in_progress,OK,execute open_door,open_door,"{""arm"":""right"",""object_label"":""door-handle""}","[{""name"":""open_door"",""args"":{""arm"":""right"",""object_label"":""door-handle""}}]",[],"{""door"":[[151,165,289,456]],""material"":[[335,304,346,317]]}",1088
15,2025-09-05T13:36:52,4.41,/tmp/vlm_frame_1757047008171.png,/tmp/vlm_frame_1757047008171_det.png,closed,0.9,True,True,True,door_state=closed,True,material detected,in_progress,OK,execute open_door,open_door,"{""arm"":""right"",""object_label"":""door-handle""}","[{""name"":""open_door"",""args"":{""arm"":""right"",""object_label"":""door-handle""}}]",[],"{""door"":[[150,166,289,456]],""material"":[[335,304,347,317]]}",1055
16,2025-09-05T13:36:57,5.49,/tmp/vlm_frame_1757047012698.png,/tmp/vlm_frame_1757047012698_det.png,open,0.9,True,True,False,already open,True,material detected,in_progress,OK,approach material,move_arm,"{""object_label"":""material"",""arm"":""right""}","[{""name"":""move_arm"",""args"":{""object_label"":""material"",""arm"":""right""}},{""name"":""grasp"",""args"":{""object_label"":""material"",""arm"":""right""}},{""name"":""close_door"",""args"":{""arm"":""right"",""object_label"":""door-handle""}},{""name"":""return_home"",""args"":{}}]",[],"{""door"":[[151,165,289,456]],""material"":[[335,304,347,317]]}",1386
17,2025-09-05T13:37:03,5.489,/tmp/vlm_frame_1757047018224.png,/tmp/vlm_frame_1757047018224_det.png,open,0.9,True,True,False,already open,True,material detected,in_progress,OK,approach material,move_arm,"{""object_label"":""material"",""arm"":""right""}","[{""name"":""move_arm"",""args"":{""object_label"":""material"",""arm"":""right""}},{""name"":""grasp"",""args"":{""object_label"":""material"",""arm"":""right""}},{""name"":""close_door"",""args"":{""arm"":""right"",""object_label"":""door-handle""}},{""name"":""return_home"",""args"":{}}]",[],"{""door"":[[150,167,289,456]],""material"":[[335,304,347,316]]}",1386
18,2025-09-05T13:37:07,4.56,/tmp/vlm_frame_1757047023760.png,/tmp/vlm_frame_1757047023760_det.png,closed,0.9,True,uncertain,True,door_state=closed,uncertain,material to be checked after opening,in_progress,OK,execute open_door,open_door,"{""arm"":""right"",""object_label"":""door-handle""}","[{""name"":""open_door"",""args"":{""arm"":""right"",""object_label"":""door-handle""}}]",[],"{""door"":[[150,167,289,456]],""material"":[[335,304,347,316]]}",1088
19,2025-09-05T13:37:13,5.416,/tmp/vlm_frame_1757047028314.png,/tmp/vlm_frame_1757047028314_det.png,open,0.9,True,True,False,already open,True,material detected,in_progress,OK,approach material,move_arm,"{""object_label"":""material"",""arm"":""right""}","[{""name"":""move_arm"",""args"":{""object_label"":""material"",""arm"":""right""}},{""name"":""grasp"",""args"":{""object_label"":""material"",""arm"":""right""}},{""name"":""close_door"",""args"":{""arm"":""right"",""object_label"":""door-handle""}},{""name"":""return_home"",""args"":{}}]",[],"{""door"":[[150,167,289,456]],""material"":[[335,304,346,317]]}",1386
20,2025-09-05T13:37:18,5.472,/tmp/vlm_frame_1757047033841.png,/tmp/vlm_frame_1757047033841_det.png,open,0.9,True,True,False,already open,True,material detected,in_progress,OK,approach material,move_arm,"{""object_label"":""material"",""arm"":""right""}","[{""name"":""move_arm"",""args"":{""object_label"":""material"",""arm"":""right""}},{""name"":""grasp"",""args"":{""object_label"":""material"",""arm"":""right""}},{""name"":""close_door"",""args"":{""arm"":""right"",""object_label"":""door-handle""}},{""name"":""return_home"",""args"":{}}]",[],"{""door"":[[150,167,289,456]],""material"":[[335,304,347,317]]}",1386
21,2025-09-05T13:37:24,5.524,/tmp/vlm_frame_1757047039408.png,/tmp/vlm_frame_1757047039408_det.png,open,0.9,True,True,False,already open,True,material detected,in_progress,OK,approach material,move_arm,"{""object_label"":""material"",""arm"":""right""}","[{""name"":""move_arm"",""args"":{""object_label"":""material"",""arm"":""right""}},{""name"":""grasp"",""args"":{""object_label"":""material"",""arm"":""right""}},{""name"":""close_door"",""args"":{""arm"":""right"",""object_label"":""door-handle""}},{""name"":""return_home"",""args"":{}}]",[],"{""door"":[[150,166,289,456]],""material"":[[335,304,347,316]]}",1386
22,2025-09-05T13:37:29,5.435,/tmp/vlm_frame_1757047044896.png,/tmp/vlm_frame_1757047044896_det.png,open,0.9,True,True,False,already open,True,material detected,in_progress,OK,approach material,move_arm,"{""object_label"":""material"",""arm"":""right""}","[{""name"":""move_arm"",""args"":{""object_label"":""material"",""arm"":""right""}},{""name"":""grasp"",""args"":{""object_label"":""material"",""arm"":""right""}},{""name"":""close_door"",""args"":{""arm"":""right"",""object_label"":""door-handle""}},{""name"":""return_home"",""args"":{}}]",[],"{""door"":[[150,167,289,456]],""material"":[[335,304,347,316]]}",1386
23,2025-09-05T13:37:35,5.504,/tmp/vlm_frame_1757047050442.png,/tmp/vlm_frame_1757047050442_det.png,open,0.9,True,True,False,already open,True,material detected,in_progress,OK,approach material,move_arm,"{""object_label"":""material"",""arm"":""right""}","[{""name"":""move_arm"",""args"":{""object_label"":""material"",""arm"":""right""}},{""name"":""grasp"",""args"":{""object_label"":""material"",""arm"":""right""}},{""name"":""close_door"",""args"":{""arm"":""right"",""object_label"":""door-handle""}},{""name"":""return_home"",""args"":{}}]",[],"{""door"":[[150,167,289,456]],""material"":[[335,304,347,316]]}",1386
24,2025-09-05T13:37:40,5.478,/tmp/vlm_frame_1757047055966.png,/tmp/vlm_frame_1757047055966_det.png,open,0.9,True,True,False,already open,True,material detected,in_progress,OK,approach material,move_arm,"{""object_label"":""material"",""arm"":""right""}","[{""name"":""move_arm"",""args"":{""object_label"":""material"",""arm"":""right""}},{""name"":""grasp"",""args"":{""object_label"":""material"",""arm"":""right""}},{""name"":""close_door"",""args"":{""arm"":""right"",""object_label"":""door-handle""}},{""name"":""return_home"",""args"":{}}]",[],"{""door"":[[151,165,289,456]],""material"":[[335,304,347,316]]}",1386
25,2025-09-05T13:37:46,5.503,/tmp/vlm_frame_1757047061521.png,/tmp/vlm_frame_1757047061521_det.png,open,0.9,True,True,False,already open,True,material detected,in_progress,OK,approach material,move_arm,"{""object_label"":""material"",""arm"":""right""}","[{""name"":""move_arm"",""args"":{""object_label"":""material"",""arm"":""right""}},{""name"":""grasp"",""args"":{""object_label"":""material"",""arm"":""right""}},{""name"":""close_door"",""args"":{""arm"":""right"",""object_label"":""door-handle""}},{""name"":""return_home"",""args"":{}}]",[],"{""door"":[[150,167,289,456]],""material"":[[335,304,347,316]]}",1386
26,2025-09-05T13:37:50,4.475,/tmp/vlm_frame_1757047067049.png,/tmp/vlm_frame_1757047067049_det.png,closed,0.9,True,True,True,door_state=closed,True,material detected,in_progress,OK,execute open_door,open_door,"{""arm"":""right"",""object_label"":""door-handle""}","[{""name"":""open_door"",""args"":{""arm"":""right"",""object_label"":""door-handle""}}]",[],"{""door"":[[150,167,289,456]],""material"":[[335,304,347,316]]}",1055
27,2025-09-05T13:37:56,5.484,/tmp/vlm_frame_1757047071578.png,/tmp/vlm_frame_1757047071578_det.png,open,0.9,False,True,False,already open,True,material detected,in_progress,OK,approach material,move_arm,"{""object_label"":""material"",""arm"":""right""}","[{""name"":""move_arm"",""args"":{""object_label"":""material"",""arm"":""right""}},{""name"":""grasp"",""args"":{""object_label"":""material"",""arm"":""right""}},{""name"":""close_door"",""args"":{""arm"":""right"",""object_label"":""door-handle""}},{""name"":""return_home"",""args"":{}}]",[],"{""door"":[[151,164,289,456]],""material"":[[335,304,347,317]]}",1387
28,2025-09-05T13:38:01,5.465,/tmp/vlm_frame_1757047077103.png,/tmp/vlm_frame_1757047077103_det.png,open,0.9,True,True,False,already open,True,material detected,in_progress,OK,approach material,move_arm,"{""object_label"":""material"",""arm"":""right""}","[{""name"":""move_arm"",""args"":{""object_label"":""material"",""arm"":""right""}},{""name"":""grasp"",""args"":{""object_label"":""material"",""arm"":""right""}},{""name"":""close_door"",""args"":{""arm"":""right"",""object_label"":""door-handle""}},{""name"":""return_home"",""args"":{}}]",[],"{""door"":[[151,164,289,455]],""material"":[[335,304,347,317]]}",1386
29,2025-09-05T13:38:07,5.53,/tmp/vlm_frame_1757047082632.png,/tmp/vlm_frame_1757047082632_det.png,open,0.9,True,True,False,already open,True,material detected,in_progress,OK,approach material,move_arm,"{""object_label"":""material"",""arm"":""right""}","[{""name"":""move_arm"",""args"":{""object_label"":""material"",""arm"":""right""}},{""name"":""grasp"",""args"":{""object_label"":""material"",""arm"":""right""}},{""name"":""close_door"",""args"":{""arm"":""right"",""object_label"":""door-handle""}},{""name"":""return_home"",""args"":{}}]",[],"{""door"":[[151,164,289,456]],""material"":[[335,304,347,316]]}",1386
30,2025-09-05T13:38:13,5.426,/tmp/vlm_frame_1757047088161.png,/tmp/vlm_frame_1757047088161_det.png,open,0.9,True,True,False,already open,True,material detected,in_progress,OK,approach material,move_arm,"{""object_label"":""material"",""arm"":""right""}","[{""name"":""move_arm"",""args"":{""object_label"":""material"",""arm"":""right""}},{""name"":""grasp"",""args"":{""object_label"":""material"",""arm"":""right""}},{""name"":""close_door"",""args"":{""arm"":""right"",""object_label"":""door-handle""}},{""name"":""return_home"",""args"":{}}]",[],"{""door"":[[151,165,289,456]],""material"":[[335,304,347,316]]}",1386
31,2025-09-05T13:38:18,5.499,/tmp/vlm_frame_1757047093717.png,/tmp/vlm_frame_1757047093717_det.png,open,0.9,True,True,False,already open,True,material detected,in_progress,OK,approach material,move_arm,"{""object_label"":""material"",""arm"":""right""}","[{""name"":""move_arm"",""args"":{""object_label"":""material"",""arm"":""right""}},{""name"":""grasp"",""args"":{""object_label"":""material"",""arm"":""right""}},{""name"":""close_door"",""args"":{""arm"":""right"",""object_label"":""door-handle""}},{""name"":""return_home"",""args"":{}}]",[],"{""door"":[[151,164,289,456]],""material"":[[335,304,346,316]]}",1386
32,2025-09-05T13:38:24,5.455,/tmp/vlm_frame_1757047099214.png,/tmp/vlm_frame_1757047099214_det.png,open,0.9,True,True,False,already open,True,material detected,in_progress,OK,approach material,move_arm,"{""object_label"":""material"",""arm"":""right""}","[{""name"":""move_arm"",""args"":{""object_label"":""material"",""arm"":""right""}},{""name"":""grasp"",""args"":{""object_label"":""material"",""arm"":""right""}},{""name"":""close_door"",""args"":{""arm"":""right"",""object_label"":""door-handle""}},{""name"":""return_home"",""args"":{}}]",[],"{""door"":[[151,164,289,456]],""material"":[[335,304,347,316]]}",1386
33,2025-09-05T13:38:29,5.472,/tmp/vlm_frame_1757047104750.png,/tmp/vlm_frame_1757047104750_det.png,open,0.9,True,True,False,already open,True,material detected,in_progress,OK,approach material,move_arm,"{""object_label"":""material"",""arm"":""right""}","[{""name"":""move_arm"",""args"":{""object_label"":""material"",""arm"":""right""}},{""name"":""grasp"",""args"":{""object_label"":""material"",""arm"":""right""}},{""name"":""close_door"",""args"":{""arm"":""right"",""object_label"":""door-handle""}},{""name"":""return_home"",""args"":{}}]",[],"{""door"":[[151,164,289,456]],""material"":[[335,304,347,317]]}",1386
34,2025-09-05T13:38:35,5.503,/tmp/vlm_frame_1757047110299.png,/tmp/vlm_frame_1757047110299_det.png,open,0.9,True,True,False,already open,True,material detected,in_progress,OK,approach material,move_arm,"{""object_label"":""material"",""arm"":""right""}","[{""name"":""move_arm"",""args"":{""object_label"":""material"",""arm"":""right""}},{""name"":""grasp"",""args"":{""object_label"":""material"",""arm"":""right""}},{""name"":""close_door"",""args"":{""arm"":""right"",""object_label"":""door-handle""}},{""name"":""return_home"",""args"":{}}]",[],"{""door"":[[151,164,289,455]],""material"":[[335,304,346,316]]}",1386
35,2025-09-05T13:38:40,5.49,/tmp/vlm_frame_1757047115836.png,/tmp/vlm_frame_1757047115836_det.png,open,0.9,True,True,False,already open,True,material detected,in_progress,OK,approach material,move_arm,"{""object_label"":""material"",""arm"":""right""}","[{""name"":""move_arm"",""args"":{""object_label"":""material"",""arm"":""right""}},{""name"":""grasp"",""args"":{""object_label"":""material"",""arm"":""right""}},{""name"":""close_door"",""args"":{""arm"":""right"",""object_label"":""door-handle""}},{""name"":""return_home"",""args"":{}}]",[],"{""door"":[[151,165,289,456]],""material"":[[335,304,346,316]]}",1386
36,2025-09-05T13:38:46,5.476,/tmp/vlm_frame_1757047121360.png,/tmp/vlm_frame_1757047121360_det.png,open,0.9,True,True,False,already open,True,material detected,in_progress,OK,approach material,move_arm,"{""object_label"":""material"",""arm"":""right""}","[{""name"":""move_arm"",""args"":{""object_label"":""material"",""arm"":""right""}},{""name"":""grasp"",""args"":{""object_label"":""material"",""arm"":""right""}},{""name"":""close_door"",""args"":{""arm"":""right"",""object_label"":""door-handle""}},{""name"":""return_home"",""args"":{}}]",[],"{""door"":[[151,165,289,456]],""material"":[[335,304,346,316]]}",1386
37,2025-09-05T13:38:50,4.541,/tmp/vlm_frame_1757047126874.png,/tmp/vlm_frame_1757047126874_det.png,closed,0.9,True,uncertain,True,door_state=closed,uncertain,material to be checked after opening,in_progress,OK,execute open_door,open_door,"{""arm"":""right"",""object_label"":""door-handle""}","[{""name"":""open_door"",""args"":{""arm"":""right"",""object_label"":""door-handle""}}]",[],"{""door"":[[151,164,289,456]],""material"":[[335,304,346,316]]}",1088
38,2025-09-05T13:38:56,5.402,/tmp/vlm_frame_1757047131407.png,/tmp/vlm_frame_1757047131407_det.png,open,0.9,True,True,False,already open,True,material detected,in_progress,OK,approach material,move_arm,"{""object_label"":""material"",""arm"":""right""}","[{""name"":""move_arm"",""args"":{""object_label"":""material"",""arm"":""right""}},{""name"":""grasp"",""args"":{""object_label"":""material"",""arm"":""right""}},{""name"":""close_door"",""args"":{""arm"":""right"",""object_label"":""door-handle""}},{""name"":""return_home"",""args"":{}}]",[],"{""door"":[[151,164,289,456]],""material"":[[335,304,347,317]]}",1386
39,2025-09-05T13:39:01,5.479,/tmp/vlm_frame_1757047136935.png,/tmp/vlm_frame_1757047136935_det.png,open,0.9,True,True,False,already open,True,material detected,in_progress,OK,approach material,move_arm,"{""object_label"":""material"",""arm"":""right""}","[{""name"":""move_arm"",""args"":{""object_label"":""material"",""arm"":""right""}},{""name"":""grasp"",""args"":{""object_label"":""material"",""arm"":""right""}},{""name"":""close_door"",""args"":{""arm"":""right"",""object_label"":""door-handle""}},{""name"":""return_home"",""args"":{}}]",[],"{""door"":[[151,165,289,455]],""material"":[[335,304,347,317]]}",1386
40,2025-09-05T13:39:07,5.52,/tmp/vlm_frame_1757047142502.png,/tmp/vlm_frame_1757047142502_det.png,open,0.9,True,True,False,already open,True,material detected,in_progress,OK,approach material,move_arm,"{""object_label"":""material"",""arm"":""right""}","[{""name"":""move_arm"",""args"":{""object_label"":""material"",""arm"":""right""}},{""name"":""grasp"",""args"":{""object_label"":""material"",""arm"":""right""}},{""name"":""close_door"",""args"":{""arm"":""right"",""object_label"":""door-handle""}},{""name"":""return_home"",""args"":{}}]",[],"{""door"":[[151,166,289,456]],""material"":[[335,304,347,317]]}",1386
41,2025-09-05T13:39:12,5.472,/tmp/vlm_frame_1757047148042.png,/tmp/vlm_frame_1757047148042_det.png,open,0.9,True,True,False,already open,True,material detected,in_progress,OK,approach material,move_arm,"{""object_label"":""material"",""arm"":""right""}","[{""name"":""move_arm"",""args"":{""object_label"":""material"",""arm"":""right""}},{""name"":""grasp"",""args"":{""object_label"":""material"",""arm"":""right""}},{""name"":""close_door"",""args"":{""arm"":""right"",""object_label"":""door-handle""}},{""name"":""return_home"",""args"":{}}]",[],"{""door"":[[151,167,289,456]],""material"":[[335,304,347,316]]}",1386
42,2025-09-05T13:39:18,5.533,/tmp/vlm_frame_1757047153599.png,/tmp/vlm_frame_1757047153599_det.png,open,0.9,True,True,False,already open,True,material detected,in_progress,OK,approach material,move_arm,"{""object_label"":""material"",""arm"":""right""}","[{""name"":""move_arm"",""args"":{""object_label"":""material"",""arm"":""right""}},{""name"":""grasp"",""args"":{""object_label"":""material"",""arm"":""right""}},{""name"":""close_door"",""args"":{""arm"":""right"",""object_label"":""door-handle""}},{""name"":""return_home"",""args"":{}}]",[],"{""door"":[[151,166,289,455]],""material"":[[335,304,347,316]]}",1386
43,2025-09-05T13:39:24,5.507,/tmp/vlm_frame_1757047159171.png,/tmp/vlm_frame_1757047159171_det.png,open,0.9,True,True,False,already open,True,material detected,in_progress,OK,approach material,move_arm,"{""object_label"":""material"",""arm"":""right""}","[{""name"":""move_arm"",""args"":{""object_label"":""material"",""arm"":""right""}},{""name"":""grasp"",""args"":{""object_label"":""material"",""arm"":""right""}},{""name"":""close_door"",""args"":{""arm"":""right"",""object_label"":""door-handle""}},{""name"":""return_home"",""args"":{}}]",[],"{""door"":[[151,166,289,456]],""material"":[[335,304,347,317]]}",1386
44,2025-09-05T13:39:29,5.475,/tmp/vlm_frame_1757047164695.png,/tmp/vlm_frame_1757047164695_det.png,open,0.9,False,True,False,already open,True,material detected,in_progress,OK,approach material,move_arm,"{""object_label"":""material"",""arm"":""right""}","[{""name"":""move_arm"",""args"":{""object_label"":""material"",""arm"":""right""}},{""name"":""grasp"",""args"":{""object_label"":""material"",""arm"":""right""}},{""name"":""close_door"",""args"":{""arm"":""right"",""object_label"":""door-handle""}},{""name"":""return_home"",""args"":{}}]",[],"{""door"":[[151,166,289,456]],""material"":[[335,304,346,317]]}",1387
45,2025-09-05T13:39:35,5.468,/tmp/vlm_frame_1757047170215.png,/tmp/vlm_frame_1757047170215_det.png,open,0.9,True,True,False,already open,True,material detected,in_progress,OK,approach material,move_arm,"{""object_label"":""material"",""arm"":""right""}","[{""name"":""move_arm"",""args"":{""object_label"":""material"",""arm"":""right""}},{""name"":""grasp"",""args"":{""object_label"":""material"",""arm"":""right""}},{""name"":""close_door"",""args"":{""arm"":""right"",""object_label"":""door-handle""}},{""name"":""return_home"",""args"":{}}]",[],"{""door"":[[151,166,289,455]],""material"":[[335,304,347,316]]}",1386
46,2025-09-05T13:39:40,5.456,/tmp/vlm_frame_1757047175732.png,/tmp/vlm_frame_1757047175732_det.png,open,0.9,True,True,False,already open,True,material detected,in_progress,OK,approach material,move_arm,"{""object_label"":""material"",""arm"":""right""}","[{""name"":""move_arm"",""args"":{""object_label"":""material"",""arm"":""right""}},{""name"":""grasp"",""args"":{""object_label"":""material"",""arm"":""right""}},{""name"":""close_door"",""args"":{""arm"":""right"",""object_label"":""door-handle""}},{""name"":""return_home"",""args"":{}}]",[],"{""door"":[[151,166,289,456]],""material"":[[335,304,347,316]]}",1386
47,2025-09-05T13:39:46,5.534,/tmp/vlm_frame_1757047181304.png,/tmp/vlm_frame_1757047181304_det.png,open,0.9,True,True,False,already open,True,material detected,in_progress,OK,approach material,move_arm,"{""object_label"":""material"",""arm"":""right""}","[{""name"":""move_arm"",""args"":{""object_label"":""material"",""arm"":""right""}},{""name"":""grasp"",""args"":{""object_label"":""material"",""arm"":""right""}},{""name"":""close_door"",""args"":{""arm"":""right"",""object_label"":""door-handle""}},{""name"":""return_home"",""args"":{}}]",[],"{""door"":[[151,166,289,456]],""material"":[[335,304,346,316]]}",1386
48,2025-09-05T13:39:51,5.493,/tmp/vlm_frame_1757047186842.png,/tmp/vlm_frame_1757047186842_det.png,open,0.9,False,True,False,already open,True,material detected,in_progress,OK,approach material,move_arm,"{""object_label"":""material"",""arm"":""right""}","[{""name"":""move_arm"",""args"":{""object_label"":""material"",""arm"":""right""}},{""name"":""grasp"",""args"":{""object_label"":""material"",""arm"":""right""}},{""name"":""close_door"",""args"":{""arm"":""right"",""object_label"":""door-handle""}},{""name"":""return_home"",""args"":{}}]",[],"{""door"":[[151,166,289,456]],""material"":[[335,304,346,316]]}",1387
49,2025-09-05T13:39:57,5.494,/tmp/vlm_frame_1757047192379.png,/tmp/vlm_frame_1757047192379_det.png,open,0.9,True,True,False,already open,True,material detected,in_progress,OK,approach material,move_arm,"{""object_label"":""material"",""arm"":""right""}","[{""name"":""move_arm"",""args"":{""object_label"":""material"",""arm"":""right""}},{""name"":""grasp"",""args"":{""object_label"":""material"",""arm"":""right""}},{""name"":""close_door"",""args"":{""arm"":""right"",""object_label"":""door-handle""}},{""name"":""return_home"",""args"":{}}]",[],"{""door"":[[151,165,289,456]],""material"":[[335,304,347,316]]}",1386
50,2025-09-05T13:40:02,5.461,/tmp/vlm_frame_1757047197894.png,/tmp/vlm_frame_1757047197894_det.png,open,0.9,True,True,False,already open,True,material detected,in_progress,OK,approach material,move_arm,"{""object_label"":""material"",""arm"":""right""}","[{""name"":""move_arm"",""args"":{""object_label"":""material"",""arm"":""right""}},{""name"":""grasp"",""args"":{""object_label"":""material"",""arm"":""right""}},{""name"":""close_door"",""args"":{""arm"":""right"",""object_label"":""door-handle""}},{""name"":""return_home"",""args"":{}}]",[],"{""door"":[[150,166,289,456]],""material"":[[335,304,347,317]]}",1386
51,2025-09-05T13:40:08,5.491,/tmp/vlm_frame_1757047203431.png,/tmp/vlm_frame_1757047203431_det.png,open,0.9,True,True,False,already open,True,material detected,in_progress,OK,approach material,move_arm,"{""object_label"":""material"",""arm"":""right""}","[{""name"":""move_arm"",""args"":{""object_label"":""material"",""arm"":""right""}},{""name"":""grasp"",""args"":{""object_label"":""material"",""arm"":""right""}},{""name"":""close_door"",""args"":{""arm"":""right"",""object_label"":""door-handle""}},{""name"":""return_home"",""args"":{}}]",[],"{""door"":[[150,165,289,456]],""material"":[[335,304,347,316]]}",1386
52,2025-09-05T13:40:13,5.482,/tmp/vlm_frame_1757047208969.png,/tmp/vlm_frame_1757047208969_det.png,open,0.9,True,True,False,already open,True,material detected,in_progress,OK,approach material,move_arm,"{""object_label"":""material"",""arm"":""right""}","[{""name"":""move_arm"",""args"":{""object_label"":""material"",""arm"":""right""}},{""name"":""grasp"",""args"":{""object_label"":""material"",""arm"":""right""}},{""name"":""close_door"",""args"":{""arm"":""right"",""object_label"":""door-handle""}},{""name"":""return_home"",""args"":{}}]",[],"{""door"":[[150,167,289,455]],""material"":[[335,304,347,316]]}",1386
53,2025-09-05T13:40:19,5.465,/tmp/vlm_frame_1757047214507.png,/tmp/vlm_frame_1757047214507_det.png,open,0.9,True,True,False,already open,True,material detected,in_progress,OK,approach material,move_arm,"{""object_label"":""material"",""arm"":""right""}","[{""name"":""move_arm"",""args"":{""object_label"":""material"",""arm"":""right""}},{""name"":""grasp"",""args"":{""object_label"":""material"",""arm"":""right""}},{""name"":""close_door"",""args"":{""arm"":""right"",""object_label"":""door-handle""}},{""name"":""return_home"",""args"":{}}]",[],"{""door"":[[150,167,289,456]],""material"":[[335,304,346,316]]}",1386
54,2025-09-05T13:40:24,5.497,/tmp/vlm_frame_1757047220057.png,/tmp/vlm_frame_1757047220057_det.png,open,0.9,True,True,False,already open,True,material detected,in_progress,OK,approach material,move_arm,"{""object_label"":""material"",""arm"":""right""}","[{""name"":""move_arm"",""args"":{""object_label"":""material"",""arm"":""right""}},{""name"":""grasp"",""args"":{""object_label"":""material"",""arm"":""right""}},{""name"":""close_door"",""args"":{""arm"":""right"",""object_label"":""door-handle""}},{""name"":""return_home"",""args"":{}}]",[],"{""door"":[[151,165,289,456]],""material"":[[335,304,346,316]]}",1386
55,2025-09-05T13:40:30,5.519,/tmp/vlm_frame_1757047225593.png,/tmp/vlm_frame_1757047225593_det.png,open,0.9,False,True,False,already open,True,material detected,in_progress,OK,approach material,move_arm,"{""object_label"":""material"",""arm"":""right""}","[{""name"":""move_arm"",""args"":{""object_label"":""material"",""arm"":""right""}},{""name"":""grasp"",""args"":{""object_label"":""material"",""arm"":""right""}},{""name"":""close_door"",""args"":{""arm"":""right"",""object_label"":""door-handle""}},{""name"":""return_home"",""args"":{}}]",[],"{""door"":[[150,167,289,456]],""material"":[[335,304,347,317]]}",1387
56,2025-09-05T13:40:36,5.528,/tmp/vlm_frame_1757047231163.png,/tmp/vlm_frame_1757047231163_det.png,open,0.9,True,True,False,already open,True,material detected,in_progress,OK,approach material,move_arm,"{""object_label"":""material"",""arm"":""right""}","[{""name"":""move_arm"",""args"":{""object_label"":""material"",""arm"":""right""}},{""name"":""grasp"",""args"":{""object_label"":""material"",""arm"":""right""}},{""name"":""close_door"",""args"":{""arm"":""right"",""object_label"":""door-handle""}},{""name"":""return_home"",""args"":{}}]",[],"{""door"":[[151,165,289,456]],""material"":[[335,304,346,316]]}",1386
57,2025-09-05T13:40:41,5.484,/tmp/vlm_frame_1757047236711.png,/tmp/vlm_frame_1757047236711_det.png,open,0.9,True,True,False,already open,True,material detected,in_progress,OK,approach material,move_arm,"{""object_label"":""material"",""arm"":""right""}","[{""name"":""move_arm"",""args"":{""object_label"":""material"",""arm"":""right""}},{""name"":""grasp"",""args"":{""object_label"":""material"",""arm"":""right""}},{""name"":""close_door"",""args"":{""arm"":""right"",""object_label"":""door-handle""}},{""name"":""return_home"",""args"":{}}]",[],"{""door"":[[151,165,289,456]],""material"":[[335,304,347,316]]}",1386
58,2025-09-05T13:40:46,4.543,/tmp/vlm_frame_1757047242234.png,/tmp/vlm_frame_1757047242234_det.png,closed,0.9,True,uncertain,True,door_state=closed,uncertain,material to be checked after opening,in_progress,OK,execute open_door,open_door,"{""arm"":""right"",""object_label"":""door-handle""}","[{""name"":""open_door"",""args"":{""arm"":""right"",""object_label"":""door-handle""}}]",[],"{""door"":[[150,166,289,456]],""material"":[[335,304,346,316]]}",1088
59,2025-09-05T13:40:51,5.425,/tmp/vlm_frame_1757047246760.png,/tmp/vlm_frame_1757047246760_det.png,open,0.9,True,True,False,already open,True,material detected,in_progress,OK,approach material,move_arm,"{""object_label"":""material"",""arm"":""right""}","[{""name"":""move_arm"",""args"":{""object_label"":""material"",""arm"":""right""}},{""name"":""grasp"",""args"":{""object_label"":""material"",""arm"":""right""}},{""name"":""close_door"",""args"":{""arm"":""right"",""object_label"":""door-handle""}},{""name"":""return_home"",""args"":{}}]",[],"{""door"":[[150,166,289,456]],""material"":[[335,304,347,316]]}",1386
60,2025-09-05T13:40:57,5.58,/tmp/vlm_frame_1757047252286.png,/tmp/vlm_frame_1757047252286_det.png,open,0.9,True,True,False,already open,True,material detected,in_progress,OK,approach material,move_arm,"{""object_label"":""material"",""arm"":""right""}","[{""name"":""move_arm"",""args"":{""object_label"":""material"",""arm"":""right""}},{""name"":""grasp"",""args"":{""object_label"":""material"",""arm"":""right""}},{""name"":""close_door"",""args"":{""arm"":""right"",""object_label"":""door-handle""}},{""name"":""return_home"",""args"":{}}]",[],"{""door"":[[150,166,289,456]],""material"":[[335,304,347,317]]}",1386
61,2025-09-05T13:41:02,5.421,/tmp/vlm_frame_1757047258814.png,/tmp/vlm_frame_1757047258814_det.png,closed,0.9,True,uncertain,True,door_state=closed,uncertain,material to be checked after opening,in_progress,OK,execute open_door,open_door,"{""arm"":""right"",""object_label"":""door-handle""}","[{""name"":""open_door"",""args"":{""arm"":""right"",""object_label"":""door-handle""}}]",[],"{""door"":[[151,165,289,456]],""material"":[[335,304,347,317]]}",1088
62,2025-09-05T13:41:08,5.382,/tmp/vlm_frame_1757047263334.png,/tmp/vlm_frame_1757047263334_det.png,open,0.9,True,True,False,already open,True,material detected,in_progress,OK,approach material,move_arm,"{""object_label"":""material"",""arm"":""right""}","[{""name"":""move_arm"",""args"":{""object_label"":""material"",""arm"":""right""}},{""name"":""grasp"",""args"":{""object_label"":""material"",""arm"":""right""}},{""name"":""close_door"",""args"":{""arm"":""right"",""object_label"":""door-handle""}},{""name"":""return_home"",""args"":{}}]",[],"{""door"":[[151,165,289,456]],""material"":[[335,304,347,316]]}",1386
63,2025-09-05T13:41:13,5.483,/tmp/vlm_frame_1757047268874.png,/tmp/vlm_frame_1757047268874_det.png,open,0.9,True,True,False,already open,True,material detected,in_progress,OK,approach material,move_arm,"{""object_label"":""material"",""arm"":""right""}","[{""name"":""move_arm"",""args"":{""object_label"":""material"",""arm"":""right""}},{""name"":""grasp"",""args"":{""object_label"":""material"",""arm"":""right""}},{""name"":""close_door"",""args"":{""arm"":""right"",""object_label"":""door-handle""}},{""name"":""return_home"",""args"":{}}]",[],"{""door"":[[150,166,289,455]],""material"":[[335,303,347,316]]}",1386
64,2025-09-05T13:41:19,5.501,/tmp/vlm_frame_1757047274403.png,/tmp/vlm_frame_1757047274403_det.png,open,0.9,True,True,False,already open,True,material detected,in_progress,OK,approach material,move_arm,"{""object_label"":""material"",""arm"":""right""}","[{""name"":""move_arm"",""args"":{""object_label"":""material"",""arm"":""right""}},{""name"":""grasp"",""args"":{""object_label"":""material"",""arm"":""right""}},{""name"":""close_door"",""args"":{""arm"":""right"",""object_label"":""door-handle""}},{""name"":""return_home"",""args"":{}}]",[],"{""door"":[[151,165,289,456]],""material"":[[335,304,347,316]]}",1386
65,2025-09-05T13:41:24,5.457,/tmp/vlm_frame_1757047279916.png,/tmp/vlm_frame_1757047279916_det.png,open,0.9,True,True,False,already open,True,material detected,in_progress,OK,approach material,move_arm,"{""object_label"":""material"",""arm"":""right""}","[{""name"":""move_arm"",""args"":{""object_label"":""material"",""arm"":""right""}},{""name"":""grasp"",""args"":{""object_label"":""material"",""arm"":""right""}},{""name"":""close_door"",""args"":{""arm"":""right"",""object_label"":""door-handle""}},{""name"":""return_home"",""args"":{}}]",[],"{""door"":[[151,165,289,456]],""material"":[[335,304,346,316]]}",1386
66,2025-09-05T13:41:30,5.439,/tmp/vlm_frame_1757047285421.png,/tmp/vlm_frame_1757047285421_det.png,open,0.9,True,True,False,already open,True,material detected,in_progress,OK,approach material,move_arm,"{""object_label"":""material"",""arm"":""right""}","[{""name"":""move_arm"",""args"":{""object_label"":""material"",""arm"":""right""}},{""name"":""grasp"",""args"":{""object_label"":""material"",""arm"":""right""}},{""name"":""close_door"",""args"":{""arm"":""right"",""object_label"":""door-handle""}},{""name"":""return_home"",""args"":{}}]",[],"{""door"":[[150,166,289,455]],""material"":[[335,303,347,316]]}",1386
67,2025-09-05T13:41:35,5.482,/tmp/vlm_frame_1757047290950.png,/tmp/vlm_frame_1757047290950_det.png,open,0.9,True,True,False,already open,True,material detected,in_progress,OK,approach material,move_arm,"{""object_label"":""material"",""arm"":""right""}","[{""name"":""move_arm"",""args"":{""object_label"":""material"",""arm"":""right""}},{""name"":""grasp"",""args"":{""object_label"":""material"",""arm"":""right""}},{""name"":""close_door"",""args"":{""arm"":""right"",""object_label"":""door-handle""}},{""name"":""return_home"",""args"":{}}]",[],"{""door"":[[151,165,289,456]],""material"":[[335,304,346,316]]}",1386
68,2025-09-05T13:41:41,5.479,/tmp/vlm_frame_1757047296474.png,/tmp/vlm_frame_1757047296474_det.png,open,0.9,True,True,False,already open,True,material detected,in_progress,OK,approach material,move_arm,"{""object_label"":""material"",""arm"":""right""}","[{""name"":""move_arm"",""args"":{""object_label"":""material"",""arm"":""right""}},{""name"":""grasp"",""args"":{""object_label"":""material"",""arm"":""right""}},{""name"":""close_door"",""args"":{""arm"":""right"",""object_label"":""door-handle""}},{""name"":""return_home"",""args"":{}}]",[],"{""door"":[[151,165,289,456]],""material"":[[335,304,347,316]]}",1386
69,2025-09-05T13:41:46,5.503,/tmp/vlm_frame_1757047302010.png,/tmp/vlm_frame_1757047302010_det.png,open,0.9,True,True,False,already open,True,material detected,in_progress,OK,approach material,move_arm,"{""object_label"":""material"",""arm"":""right""}","[{""name"":""move_arm"",""args"":{""object_label"":""material"",""arm"":""right""}},{""name"":""grasp"",""args"":{""object_label"":""material"",""arm"":""right""}},{""name"":""close_door"",""args"":{""arm"":""right"",""object_label"":""door-handle""}},{""name"":""return_home"",""args"":{}}]",[],"{""door"":[[151,165,289,456]],""material"":[[335,304,346,317]]}",1386
70,2025-09-05T13:41:52,5.457,/tmp/vlm_frame_1757047307523.png,/tmp/vlm_frame_1757047307523_det.png,open,0.9,True,True,False,already open,True,material detected,in_progress,OK,approach material,move_arm,"{""object_label"":""material"",""arm"":""right""}","[{""name"":""move_arm"",""args"":{""object_label"":""material"",""arm"":""right""}},{""name"":""grasp"",""args"":{""object_label"":""material"",""arm"":""right""}},{""name"":""close_door"",""args"":{""arm"":""right"",""object_label"":""door-handle""}},{""name"":""return_home"",""args"":{}}]",[],"{""door"":[[151,165,289,456]],""material"":[[335,304,347,317]]}",1386
71,2025-09-05T13:41:57,5.476,/tmp/vlm_frame_1757047313072.png,/tmp/vlm_frame_1757047313072_det.png,open,0.9,True,True,False,already open,True,material detected,in_progress,OK,approach material,move_arm,"{""object_label"":""material"",""arm"":""right""}","[{""name"":""move_arm"",""args"":{""object_label"":""material"",""arm"":""right""}},{""name"":""grasp"",""args"":{""object_label"":""material"",""arm"":""right""}},{""name"":""close_door"",""args"":{""arm"":""right"",""object_label"":""door-handle""}},{""name"":""return_home"",""args"":{}}]",[],"{""door"":[[151,165,289,456]],""material"":[[335,304,347,316]]}",1386
72,2025-09-05T13:42:03,5.51,/tmp/vlm_frame_1757047318617.png,/tmp/vlm_frame_1757047318617_det.png,open,0.9,True,True,False,already open,True,material detected,in_progress,OK,approach material,move_arm,"{""object_label"":""material"",""arm"":""right""}","[{""name"":""move_arm"",""args"":{""object_label"":""material"",""arm"":""right""}},{""name"":""grasp"",""args"":{""object_label"":""material"",""arm"":""right""}},{""name"":""close_door"",""args"":{""arm"":""right"",""object_label"":""door-handle""}},{""name"":""return_home"",""args"":{}}]",[],"{""door"":[[151,165,289,456]],""material"":[[335,304,346,316]]}",1386
73,2025-09-05T13:42:09,5.492,/tmp/vlm_frame_1757047324167.png,/tmp/vlm_frame_1757047324167_det.png,open,0.9,True,True,False,already open,True,material detected,in_progress,OK,approach material,move_arm,"{""object_label"":""material"",""arm"":""right""}","[{""name"":""move_arm"",""args"":{""object_label"":""material"",""arm"":""right""}},{""name"":""grasp"",""args"":{""object_label"":""material"",""arm"":""right""}},{""name"":""close_door"",""args"":{""arm"":""right"",""object_label"":""door-handle""}},{""name"":""return_home"",""args"":{}}]",[],"{""door"":[[151,165,289,456]],""material"":[[335,304,347,316]]}",1386
74,2025-09-05T13:42:14,5.491,/tmp/vlm_frame_1757047329702.png,/tmp/vlm_frame_1757047329702_det.png,open,0.9,True,True,False,already open,True,material detected,in_progress,OK,approach material,move_arm,"{""object_label"":""material"",""arm"":""right""}","[{""name"":""move_arm"",""args"":{""object_label"":""material"",""arm"":""right""}},{""name"":""grasp"",""args"":{""object_label"":""material"",""arm"":""right""}},{""name"":""close_door"",""args"":{""arm"":""right"",""object_label"":""door-handle""}},{""name"":""return_home"",""args"":{}}]",[],"{""door"":[[151,165,289,456]],""material"":[[335,304,346,316]]}",1386
75,2025-09-05T13:42:20,5.505,/tmp/vlm_frame_1757047335243.png,/tmp/vlm_frame_1757047335243_det.png,open,0.9,True,True,False,already open,True,material detected,in_progress,OK,approach material,move_arm,"{""object_label"":""material"",""arm"":""right""}","[{""name"":""move_arm"",""args"":{""object_label"":""material"",""arm"":""right""}},{""name"":""grasp"",""args"":{""object_label"":""material"",""arm"":""right""}},{""name"":""close_door"",""args"":{""arm"":""right"",""object_label"":""door-handle""}},{""name"":""return_home"",""args"":{}}]",[],"{""door"":[[151,165,289,456]],""material"":[[335,304,347,316]]}",1386
76,2025-09-05T13:42:25,5.456,/tmp/vlm_frame_1757047340785.png,/tmp/vlm_frame_1757047340785_det.png,open,0.9,True,True,False,already open,True,material detected,in_progress,OK,approach material,move_arm,"{""object_label"":""material"",""arm"":""right""}","[{""name"":""move_arm"",""args"":{""object_label"":""material"",""arm"":""right""}},{""name"":""grasp"",""args"":{""object_label"":""material"",""arm"":""right""}},{""name"":""close_door"",""args"":{""arm"":""right"",""object_label"":""door-handle""}},{""name"":""return_home"",""args"":{}}]",[],"{""door"":[[151,165,289,456]],""material"":[[335,304,347,316]]}",1386
77,2025-09-05T13:42:31,5.482,/tmp/vlm_frame_1757047346304.png,/tmp/vlm_frame_1757047346304_det.png,open,0.9,True,True,False,already open,True,material detected,in_progress,OK,approach material,move_arm,"{""object_label"":""material"",""arm"":""right""}","[{""name"":""move_arm"",""args"":{""object_label"":""material"",""arm"":""right""}},{""name"":""grasp"",""args"":{""object_label"":""material"",""arm"":""right""}},{""name"":""close_door"",""args"":{""arm"":""right"",""object_label"":""door-handle""}},{""name"":""return_home"",""args"":{}}]",[],"{""door"":[[151,165,289,456]],""material"":[[335,304,347,316]]}",1386
78,2025-09-05T13:42:36,5.5,/tmp/vlm_frame_1757047351847.png,/tmp/vlm_frame_1757047351847_det.png,open,0.9,True,True,False,already open,True,material detected,in_progress,OK,approach material,move_arm,"{""object_label"":""material"",""arm"":""right""}","[{""name"":""move_arm"",""args"":{""object_label"":""material"",""arm"":""right""}},{""name"":""grasp"",""args"":{""object_label"":""material"",""arm"":""right""}},{""name"":""close_door"",""args"":{""arm"":""right"",""object_label"":""door-handle""}},{""name"":""return_home"",""args"":{}}]",[],"{""door"":[[151,165,289,455]],""material"":[[335,304,347,316]]}",1386
79,2025-09-05T13:42:42,5.485,/tmp/vlm_frame_1757047357374.png,/tmp/vlm_frame_1757047357374_det.png,open,0.9,True,True,False,already open,True,material detected,in_progress,OK,approach material,move_arm,"{""object_label"":""material"",""arm"":""right""}","[{""name"":""move_arm"",""args"":{""object_label"":""material"",""arm"":""right""}},{""name"":""grasp"",""args"":{""object_label"":""material"",""arm"":""right""}},{""name"":""close_door"",""args"":{""arm"":""right"",""object_label"":""door-handle""}},{""name"":""return_home"",""args"":{}}]",[],"{""door"":[[151,165,289,455]],""material"":[[335,304,347,316]]}",1386
80,2025-09-05T13:42:46,4.557,/tmp/vlm_frame_1757047362891.png,/tmp/vlm_frame_1757047362891_det.png,closed,0.9,True,uncertain,True,door_state=closed,uncertain,material to be checked after opening,in_progress,OK,execute open_door,open_door,"{""arm"":""right"",""object_label"":""door-handle""}","[{""name"":""open_door"",""args"":{""arm"":""right"",""object_label"":""door-handle""}}]",[],"{""door"":[[151,165,289,456]],""material"":[[335,304,346,316]]}",1088
81,2025-09-05T13:42:52,5.413,/tmp/vlm_frame_1757047367445.png,/tmp/vlm_frame_1757047367445_det.png,open,0.9,True,True,False,already open,True,material detected,in_progress,OK,approach material,move_arm,"{""object_label"":""material"",""arm"":""right""}","[{""name"":""move_arm"",""args"":{""object_label"":""material"",""arm"":""right""}},{""name"":""grasp"",""args"":{""object_label"":""material"",""arm"":""right""}},{""name"":""close_door"",""args"":{""arm"":""right"",""object_label"":""door-handle""}},{""name"":""return_home"",""args"":{}}]",[],"{""door"":[[150,165,289,455]],""material"":[[335,303,347,316]]}",1386
82,2025-09-05T13:42:57,5.443,/tmp/vlm_frame_1757047372965.png,/tmp/vlm_frame_1757047372965_det.png,open,0.9,True,True,False,already open,True,material detected,in_progress,OK,approach material,move_arm,"{""object_label"":""material"",""arm"":""right""}","[{""name"":""move_arm"",""args"":{""object_label"":""material"",""arm"":""right""}},{""name"":""grasp"",""args"":{""object_label"":""material"",""arm"":""right""}},{""name"":""close_door"",""args"":{""arm"":""right"",""object_label"":""door-handle""}},{""name"":""return_home"",""args"":{}}]",[],"{""door"":[[151,164,289,456]],""material"":[[335,304,347,316]]}",1386
83,2025-09-05T13:43:03,5.495,/tmp/vlm_frame_1757047378494.png,/tmp/vlm_frame_1757047378494_det.png,open,0.9,True,True,False,already open,True,material detected,in_progress,OK,approach material,move_arm,"{""object_label"":""material"",""arm"":""right""}","[{""name"":""move_arm"",""args"":{""object_label"":""material"",""arm"":""right""}},{""name"":""grasp"",""args"":{""object_label"":""material"",""arm"":""right""}},{""name"":""close_door"",""args"":{""arm"":""right"",""object_label"":""door-handle""}},{""name"":""return_home"",""args"":{}}]",[],"{""door"":[[151,165,289,456]],""material"":[[335,304,347,316]]}",1386
84,2025-09-05T13:43:08,5.451,/tmp/vlm_frame_1757047384007.png,/tmp/vlm_frame_1757047384007_det.png,open,0.9,True,True,False,already open,True,material detected,in_progress,OK,approach material,move_arm,"{""object_label"":""material"",""arm"":""right""}","[{""name"":""move_arm"",""args"":{""object_label"":""material"",""arm"":""right""}},{""name"":""grasp"",""args"":{""object_label"":""material"",""arm"":""right""}},{""name"":""close_door"",""args"":{""arm"":""right"",""object_label"":""door-handle""}},{""name"":""return_home"",""args"":{}}]",[],"{""door"":[[151,165,289,456]],""material"":[[335,304,346,316]]}",1386
85,2025-09-05T13:43:14,5.466,/tmp/vlm_frame_1757047389535.png,/tmp/vlm_frame_1757047389535_det.png,open,0.9,True,True,False,already open,True,material detected,in_progress,OK,approach material,move_arm,"{""object_label"":""material"",""arm"":""right""}","[{""name"":""move_arm"",""args"":{""object_label"":""material"",""arm"":""right""}},{""name"":""grasp"",""args"":{""object_label"":""material"",""arm"":""right""}},{""name"":""close_door"",""args"":{""arm"":""right"",""object_label"":""door-handle""}},{""name"":""return_home"",""args"":{}}]",[],"{""door"":[[151,165,289,456]],""material"":[[335,304,347,316]]}",1386
86,2025-09-05T13:43:19,5.518,/tmp/vlm_frame_1757047395089.png,/tmp/vlm_frame_1757047395089_det.png,open,0.9,True,True,False,already open,True,material detected,in_progress,OK,approach material,move_arm,"{""object_label"":""material"",""arm"":""right""}","[{""name"":""move_arm"",""args"":{""object_label"":""material"",""arm"":""right""}},{""name"":""grasp"",""args"":{""object_label"":""material"",""arm"":""right""}},{""name"":""close_door"",""args"":{""arm"":""right"",""object_label"":""door-handle""}},{""name"":""return_home"",""args"":{}}]",[],"{""door"":[[151,166,289,456]],""material"":[[335,304,347,316]]}",1386
87,2025-09-05T13:43:25,5.372,/tmp/vlm_frame_1757047400614.png,/tmp/vlm_frame_1757047400614_det.png,open,0.9,True,True,False,already open,True,material detected,in_progress,OK,approach material,move_arm,"{""object_label"":""material"",""arm"":""right""}","[{""name"":""move_arm"",""args"":{""object_label"":""material"",""arm"":""right""}},{""name"":""grasp"",""args"":{""object_label"":""material"",""arm"":""right""}},{""name"":""close_door"",""args"":{""arm"":""right"",""object_label"":""door-handle""}},{""name"":""return_home"",""args"":{}}]",[],"{""door"":[[151,165,289,456]],""material"":[[335,304,347,316]]}",1386
88,2025-09-05T13:43:30,5.41,/tmp/vlm_frame_1757047406142.png,/tmp/vlm_frame_1757047406142_det.png,open,0.9,True,True,False,already open,True,material detected,in_progress,OK,approach material,move_arm,"{""object_label"":""material"",""arm"":""right""}","[{""name"":""move_arm"",""args"":{""object_label"":""material"",""arm"":""right""}},{""name"":""grasp"",""args"":{""object_label"":""material"",""arm"":""right""}},{""name"":""close_door"",""args"":{""arm"":""right"",""object_label"":""door-handle""}},{""name"":""return_home"",""args"":{}}]",[],"{""door"":[[151,165,289,456]],""material"":[[335,304,346,316]]}",1386
89,2025-09-05T13:43:36,5.467,/tmp/vlm_frame_1757047411654.png,/tmp/vlm_frame_1757047411654_det.png,open,0.9,True,True,False,already open,True,material detected,in_progress,OK,approach material,move_arm,"{""object_label"":""material"",""arm"":""right""}","[{""name"":""move_arm"",""args"":{""object_label"":""material"",""arm"":""right""}},{""name"":""grasp"",""args"":{""object_label"":""material"",""arm"":""right""}},{""name"":""close_door"",""args"":{""arm"":""right"",""object_label"":""door-handle""}},{""name"":""return_home"",""args"":{}}]",[],"{""door"":[[151,165,289,455]],""material"":[[335,304,346,316]]}",1386
90,2025-09-05T13:43:41,5.476,/tmp/vlm_frame_1757047417188.png,/tmp/vlm_frame_1757047417188_det.png,open,0.9,True,True,False,already open,True,material detected,in_progress,OK,approach material,move_arm,"{""object_label"":""material"",""arm"":""right""}","[{""name"":""move_arm"",""args"":{""object_label"":""material"",""arm"":""right""}},{""name"":""grasp"",""args"":{""object_label"":""material"",""arm"":""right""}},{""name"":""close_door"",""args"":{""arm"":""right"",""object_label"":""door-handle""}},{""name"":""return_home"",""args"":{}}]",[],"{""door"":[[151,165,289,455]],""material"":[[335,304,346,316]]}",1386
91,2025-09-05T13:43:47,5.486,/tmp/vlm_frame_1757047422708.png,/tmp/vlm_frame_1757047422708_det.png,open,0.9,True,True,False,already open,True,material detected,in_progress,OK,approach material,move_arm,"{""object_label"":""material"",""arm"":""right""}","[{""name"":""move_arm"",""args"":{""object_label"":""material"",""arm"":""right""}},{""name"":""grasp"",""args"":{""object_label"":""material"",""arm"":""right""}},{""name"":""close_door"",""args"":{""arm"":""right"",""object_label"":""door-handle""}},{""name"":""return_home"",""args"":{}}]",[],"{""door"":[[151,165,289,456]],""material"":[[335,304,347,316]]}",1386
92,2025-09-05T13:43:52,5.467,/tmp/vlm_frame_1757047428228.png,/tmp/vlm_frame_1757047428228_det.png,open,0.9,True,True,False,already open,True,material detected,in_progress,OK,approach material,move_arm,"{""object_label"":""material"",""arm"":""right""}","[{""name"":""move_arm"",""args"":{""object_label"":""material"",""arm"":""right""}},{""name"":""grasp"",""args"":{""object_label"":""material"",""arm"":""right""}},{""name"":""close_door"",""args"":{""arm"":""right"",""object_label"":""door-handle""}},{""name"":""return_home"",""args"":{}}]",[],"{""door"":[[151,165,289,456]],""material"":[[335,304,346,316]]}",1386
93,2025-09-05T13:43:58,5.499,/tmp/vlm_frame_1757047433787.png,/tmp/vlm_frame_1757047433787_det.png,open,0.9,True,True,False,already open,True,material detected,in_progress,OK,approach material,move_arm,"{""object_label"":""material"",""arm"":""right""}","[{""name"":""move_arm"",""args"":{""object_label"":""material"",""arm"":""right""}},{""name"":""grasp"",""args"":{""object_label"":""material"",""arm"":""right""}},{""name"":""close_door"",""args"":{""arm"":""right"",""object_label"":""door-handle""}},{""name"":""return_home"",""args"":{}}]",[],"{""door"":[[151,165,289,456]],""material"":[[335,304,346,316]]}",1386
94,2025-09-05T13:44:04,5.599,/tmp/vlm_frame_1757047439334.png,/tmp/vlm_frame_1757047439334_det.png,open,0.9,True,True,False,already open,True,material detected,in_progress,OK,approach material,move_arm,"{""object_label"":""material"",""arm"":""right""}","[{""name"":""move_arm"",""args"":{""object_label"":""material"",""arm"":""right""}},{""name"":""grasp"",""args"":{""object_label"":""material"",""arm"":""right""}},{""name"":""close_door"",""args"":{""arm"":""right"",""object_label"":""door-handle""}},{""name"":""return_home"",""args"":{}}]",[],"{""door"":[[151,166,289,456]],""material"":[[335,304,346,316]]}",1386
95,2025-09-05T13:44:09,5.569,/tmp/vlm_frame_1757047444873.png,/tmp/vlm_frame_1757047444873_det.png,open,0.9,True,True,False,already open,True,material detected,in_progress,OK,approach material,move_arm,"{""object_label"":""material"",""arm"":""right""}","[{""name"":""move_arm"",""args"":{""object_label"":""material"",""arm"":""right""}},{""name"":""grasp"",""args"":{""object_label"":""material"",""arm"":""right""}},{""name"":""close_door"",""args"":{""arm"":""right"",""object_label"":""door-handle""}},{""name"":""return_home"",""args"":{}}]",[],"{""door"":[[151,166,289,455]],""material"":[[335,304,346,316]]}",1386
96,2025-09-05T13:44:15,5.494,/tmp/vlm_frame_1757047450439.png,/tmp/vlm_frame_1757047450439_det.png,open,0.9,False,True,False,already open,True,material detected,in_progress,OK,approach material,move_arm,"{""object_label"":""material"",""arm"":""right""}","[{""name"":""move_arm"",""args"":{""object_label"":""material"",""arm"":""right""}},{""name"":""grasp"",""args"":{""object_label"":""material"",""arm"":""right""}},{""name"":""close_door"",""args"":{""arm"":""right"",""object_label"":""door-handle""}},{""name"":""return_home"",""args"":{}}]",[],"{""door"":[[151,166,289,455]],""material"":[[335,304,346,316]]}",1387
97,2025-09-05T13:44:20,5.547,/tmp/vlm_frame_1757047456019.png,/tmp/vlm_frame_1757047456019_det.png,open,0.9,True,True,False,already open,True,material detected,in_progress,OK,approach material,move_arm,"{""object_label"":""material"",""arm"":""right""}","[{""name"":""move_arm"",""args"":{""object_label"":""material"",""arm"":""right""}},{""name"":""grasp"",""args"":{""object_label"":""material"",""arm"":""right""}},{""name"":""close_door"",""args"":{""arm"":""right"",""object_label"":""door-handle""}},{""name"":""return_home"",""args"":{}}]",[],"{""door"":[[151,166,289,456]],""material"":[[335,304,346,316]]}",1386
98,2025-09-05T13:44:26,5.458,/tmp/vlm_frame_1757047461531.png,/tmp/vlm_frame_1757047461531_det.png,open,0.9,True,True,False,already open,True,material detected,in_progress,OK,approach material,move_arm,"{""object_label"":""material"",""arm"":""right""}","[{""name"":""move_arm"",""args"":{""object_label"":""material"",""arm"":""right""}},{""name"":""grasp"",""args"":{""object_label"":""material"",""arm"":""right""}},{""name"":""close_door"",""args"":{""arm"":""right"",""object_label"":""door-handle""}},{""name"":""return_home"",""args"":{}}]",[],"{""door"":[[150,167,289,456]],""material"":[[335,303,347,316]]}",1386
99,2025-09-05T13:44:31,5.491,/tmp/vlm_frame_1757047467070.png,/tmp/vlm_frame_1757047467070_det.png,open,0.9,True,True,False,already open,True,material detected,in_progress,OK,approach material,move_arm,"{""object_label"":""material"",""arm"":""right""}","[{""name"":""move_arm"",""args"":{""object_label"":""material"",""arm"":""right""}},{""name"":""grasp"",""args"":{""object_label"":""material"",""arm"":""right""}},{""name"":""close_door"",""args"":{""arm"":""right"",""object_label"":""door-handle""}},{""name"":""return_home"",""args"":{}}]",[],"{""door"":[[151,166,289,455]],""material"":[[335,303,347,316]]}",1386
100,2025-09-05T13:44:37,5.459,/tmp/vlm_frame_1757047472585.png,/tmp/vlm_frame_1757047472585_det.png,open,0.9,True,True,False,already open,True,material detected,in_progress,OK,approach material,move_arm,"{""object_label"":""material"",""arm"":""right""}","[{""name"":""move_arm"",""args"":{""object_label"":""material"",""arm"":""right""}},{""name"":""grasp"",""args"":{""object_label"":""material"",""arm"":""right""}},{""name"":""close_door"",""args"":{""arm"":""right"",""object_label"":""door-handle""}},{""name"":""return_home"",""args"":{}}]",[],"{""door"":[[150,167,289,455]],""material"":[[335,303,346,316]]}",1386
,,,,,0,,,,,,,,,,,,,,,,
